{"cameraMode":{"drawMode":0,"name":"Shaded","section":"Shading Mode"},"sceneLighting":true,"audioPlay":false,"sceneViewState":{"showFog":true,"showMaterialUpdate":false,"showSkybox":true,"showFlares":true,"showImageEffects":true,"showParticleSystems":true},"in2DMode":false,"pivot":{"x":-2.7832093238830568,"y":0.35589897632598879,"z":0.11363658308982849},"rotation":{"x":0.17004168033599854,"y":-0.0772545114159584,"z":0.013506925664842129,"w":0.9824084639549255},"size":0.5392917394638062,"orthographic":false}