{"cameraMode":{"drawMode":0,"name":"Shaded","section":"Shading Mode"},"sceneLighting":true,"audioPlay":false,"sceneViewState":{"showFog":true,"showMaterialUpdate":false,"showSkybox":true,"showFlares":true,"showImageEffects":true,"showParticleSystems":true},"in2DMode":false,"pivot":{"x":-2.4801840782165529,"y":-0.5955779552459717,"z":4.641935348510742},"rotation":{"x":0.09962988644838333,"y":0.9027161598205566,"z":-0.21314822137355805,"w":0.3649173974990845},"size":14.59274673461914,"orthographic":true}