{"cameraMode":{"drawMode":0,"name":"Shaded","section":"Shading Mode"},"sceneLighting":true,"audioPlay":false,"sceneViewState":{"showFog":true,"showMaterialUpdate":false,"showSkybox":true,"showFlares":true,"showImageEffects":true,"showParticleSystems":true},"in2DMode":false,"pivot":{"x":-3.3599607944488527,"y":-0.4101930856704712,"z":5.116441249847412},"rotation":{"x":-0.0819457545876503,"y":0.8707093596458435,"z":-0.17160369455814362,"w":-0.4569941461086273},"size":6.678403377532959,"orthographic":true}