{"cameraMode":{"drawMode":0,"name":"Shaded","section":"Shading Mode"},"sceneLighting":true,"audioPlay":false,"sceneViewState":{"showFog":true,"showMaterialUpdate":false,"showSkybox":true,"showFlares":true,"showImageEffects":true,"showParticleSystems":true},"in2DMode":false,"pivot":{"x":-3.110477924346924,"y":0.10719823837280274,"z":-1.3674602508544922},"rotation":{"x":0.4301905930042267,"y":-0.26860421895980837,"z":0.13576990365982057,"w":0.8511034250259399},"size":8.65198802947998,"orthographic":false}