{"cameraMode":{"drawMode":0,"name":"Shaded","section":"Shading Mode"},"sceneLighting":true,"audioPlay":false,"sceneViewState":{"showFog":true,"showMaterialUpdate":false,"showSkybox":true,"showFlares":true,"showImageEffects":true,"showParticleSystems":true},"in2DMode":false,"pivot":{"x":0.08231700956821442,"y":5.695137023925781,"z":8.677309036254883},"rotation":{"x":0.04072725400328636,"y":-0.9340663552284241,"z":0.257022887468338,"w":0.25430166721343996},"size":18.31287384033203,"orthographic":false}