{"cameraMode":{"drawMode":0,"name":"Shaded","section":"Shading Mode"},"sceneLighting":true,"audioPlay":false,"sceneViewState":{"showFog":true,"showMaterialUpdate":false,"showSkybox":true,"showFlares":true,"showImageEffects":true,"showParticleSystems":true},"in2DMode":false,"pivot":{"x":-7.413422584533691,"y":0.5774749517440796,"z":2.4460577964782717},"rotation":{"x":0.022462470456957818,"y":0.9315279722213745,"z":-0.020534062758088113,"w":-0.36894354224205019},"size":3.6319189071655275,"orthographic":false}