{"cameraMode":{"drawMode":0,"name":"Shaded","section":"Shading Mode"},"sceneLighting":true,"audioPlay":false,"sceneViewState":{"showFog":true,"showMaterialUpdate":false,"showSkybox":true,"showFlares":true,"showImageEffects":true,"showParticleSystems":true},"in2DMode":false,"pivot":{"x":49.61376953125,"y":112.826171875,"z":-56.5537109375},"rotation":{"x":0.39759328961372378,"y":-0.25993600487709048,"z":0.11865705251693726,"w":0.8720629215240479},"size":9.571390151977539,"orthographic":true}